x,y,target
-5.5150584201213455,6.6508992307011825,0
-4.657657055358618,6.248146815878833,0
-5.536011685912112,8.681640438193094,1
-5.118451707698546,7.954163234526396,1
-7.310919012431147,8.098233947771364,1
-6.469368983061452,6.823009465617239,0
-5.743936009725517,8.629383851951681,0
-5.743235117609829,10.06222419633264,1
-5.265421434871358,7.411451518831708,1
-4.76708325874324,6.783074493755311,0
-6.794640911720762,7.1232623893956815,0
-5.900031581803359,8.585700177548032,1
-5.630203603257879,7.712873245273785,0
-6.727608000947846,10.51923881983184,1
-5.619488559083024,5.02794837916815,0
-5.799742976919718,8.143089187957795,0
-5.362476487162711,8.749494697789109,0
-4.5041938679471345,8.367950816216226,1
-5.811773544132788,6.2061992621144295,0
-5.907023423072652,7.552529742329576,1
-7.122084139818563,10.195381609519458,1
-4.7593177274521965,7.191562856762866,0
-6.03608740885155,8.425554863207234,0
-4.109403034686634,8.02151644268938,0
-5.539160610174784,6.757244266470774,1
-4.670254409946502,7.228663656262597,0
-6.070392634281496,7.931905478263741,0
-5.290524171758509,8.70660950693549,0
-6.434910375312468,6.8575667429300005,0
-5.865989599371841,6.936914706269315,0
-5.187866798756481,5.569460987218986,0
-5.5111919480925025,5.388244235048959,0
-4.838152707815997,9.589229010330286,1
-4.842944080000973,8.112417230907337,0
-6.940468807988655,9.516422806757292,0
-5.524704723822739,6.096563776362743,1
-5.5716168754450885,7.981790450939875,1
-5.669218036717448,7.79588331600961,1
-4.719644929329688,7.671093522274144,1
-7.04139577968122,7.397700805819834,0
-5.4207830435958195,7.539531537980648,1
-6.164978176440048,9.073423071150824,1
-4.67276830045869,8.61832608960102,1
-4.740456658128988,7.946279847841027,0
-7.2249251076769045,6.714467085857576,0
-7.934511707484534,7.350015396156237,1
-6.934103338287781,8.069138977014015,1
-5.930884897979736,8.855911710822838,1
-5.333825983682663,10.467684170304079,1
-5.272478820451066,7.869331824830828,1
-3.3268657644603103,7.379944022316868,0
-4.812983985995512,8.877741603220885,0
-6.583300896065272,8.8109707794495,1
-5.747930284401488,7.730112273767612,0
-5.578464139827834,9.211779948360396,1
-6.908172663681832,9.712153518673196,1
-5.999572747718005,7.924075490608599,1
-4.694285370132621,7.798391483833042,1
-5.0446740678403295,8.161438989881134,1
-5.1362689849135466,7.027314760197533,0
-6.97414294939619,6.477514895606035,1
-5.8403457230382365,8.125597050034962,1
-4.545956379797533,8.712862285954992,1
-5.866533998947283,9.394654884870306,1
-5.909444703753865,6.97390766089906,0
-6.824219921348705,6.841430567533699,0
-6.134020136717169,8.839766011762533,1
-5.194823487744668,8.668230417810896,1
-4.4087455687180395,9.27197713077884,0
-6.432015761460863,6.992138194385133,0
-5.950452692407112,7.385245486378869,1
-5.430943834846845,7.698708623382295,1
-7.3025167627053555,9.07027571803161,1
-7.504367495924068,7.85158257922788,1
-5.293976742565007,8.277672949303382,1
-6.206493163729015,7.963213960404101,0
-4.665135639415205,7.238442757368297,0
-3.920924243411228,6.1745014876375945,0
-5.70533676476727,8.378447423429613,0
-4.943829182883673,7.976626541703126,1
-5.967655743407392,6.6020213624412225,0
-7.052852466824689,7.669339300345215,1
-5.895155945256054,5.953291014457868,1
-5.680643222220762,6.835820341025726,0
-6.405477283888933,7.447780651971048,1
-6.1584965116273445,7.171226422301274,0
-6.064101713747812,8.940491207664348,1
-4.196095069828978,6.3320149523433775,0
-5.092431363576444,7.515990913689577,0
-6.585157427545759,8.047598133850242,1
-6.612878819589638,6.91163067155646,1
-5.630267707543934,5.909122970964058,0
-4.864555963398012,9.027614472849683,1
-6.937831985514879,7.954336560437858,1
-4.7677139608985755,7.5854105760130945,0
-4.724192621433006,7.702049768585956,0
-4.416708690570623,6.905573525088302,0
-3.4865210495484504,8.124443983341338,0
-5.602072928331458,8.489188902888076,0
-5.333747287228971,8.2137763999988,0
-6.973865539681237,8.565366408750908,1
-4.988274290339992,8.440719342496847,1
-7.1598350820934495,8.29179893573427,0
-8.374851738776059,7.351195797892044,1
-5.918965525206453,8.018117726157023,0
-4.876393260986112,8.240890919483126,0
-6.839759760469802,7.451188765034781,0
-4.863914589978505,8.314051585923425,0
-5.365699200405513,7.442887372026145,0
-6.752186500727171,7.260869405710999,1
-6.460756492741977,5.972902824336744,1
-6.261342726389175,7.2247237075709885,1
-6.730999378872825,5.693762346211641,1
-6.92529235447026,6.625407108225832,0
-6.511074806348326,8.832511039638613,1
-7.180547156780103,8.99718368291895,1
-6.2072050555592915,7.893352178364688,0
-5.514181354102919,6.9275134780363326,0
-8.419824544827765,8.204012527727507,0
-5.02498142558348,6.940493713234616,0
-5.726497189570187,8.767759234054513,0
-4.744004217048571,7.1332160023358595,0
-6.909590014214938,8.38709372437647,1
-4.624428674143708,6.234742952775678,0
-5.229776982654849,8.537626741900159,1
-7.138485913516372,6.150320418995385,1
-4.874370597927154,8.770561715625352,1
-5.891256580973594,6.611817514628514,1
-6.005566569703815,6.9325259368403085,0
-6.47512716311368,9.827203618151836,1
-6.507362134243446,6.587658705188162,0
-4.541715445017262,8.475997562234907,0
-6.2432184539522595,6.814917087941797,1
-5.097294834565788,9.171607059381653,1
-4.67898448706895,8.678881924769664,1
-2.253298381014361,8.66768021917907,1
-6.406605195083491,9.935453757702518,0
-6.127187746472403,7.828324931890643,0
-4.6618856350785425,7.493826767475678,1
-6.617598493600128,8.575205134995631,0
-7.603537982104546,7.905736953046479,1
-5.174656684954422,6.985456131092952,0
-5.092705263969489,7.596621964122109,1
-5.800439910336804,9.655599693309075,0
-5.092596064432697,8.317362423008506,1
-5.357813678625181,8.093345672958744,0
-6.888946403965791,9.594885443902742,1
-5.419309425483614,7.204647522525766,0
-7.873400965630237,8.657642837564536,1
-6.400849082340082,9.629249670091589,1
-5.131394205946673,9.315927812642459,1
-5.356728525458259,6.138480962582283,0
-4.315595797566045,5.591896929771057,0
-5.709407272830296,9.435549218951676,1
-4.49778274896606,7.888151147347291,0
-6.870909711584956,6.7250808914993465,0
-5.31031926228399,8.561848205162443,0
-7.060995978484316,8.600390558019274,0
-6.398169015192785,8.98457422254221,1
-4.659042557190369,6.871752916989039,1
-5.896472837341763,7.314031777240419,0
-6.942456836837253,9.483774497177686,1
-7.188306632614038,8.873599125344773,1
-4.773965517507147,9.884088136422596,1
-5.2064237815517895,8.288616539926348,1
-5.683764723015411,11.353622833652967,1
-6.788145484584618,8.467667081381967,1
-5.677021208393133,9.345143500247563,1
-6.0372859883956895,7.446426893570377,1
-4.907243563427761,7.920485915442804,0
-5.647446999157577,7.687423216540826,1
-5.535925833819085,7.1746643888564865,0
-4.337966021327127,6.600734115800972,0
-6.486949713759699,9.018270117484052,1
-5.219110584936578,9.17301728613079,1
-4.6958653579783896,8.931698359027244,1
-6.183508815731545,6.333944171301274,0
-6.493121013769774,7.073922237052441,0
-7.997702512758355,7.300141739383912,1
-6.540744463423832,6.557792968831437,0
-5.282776460772558,6.220200159130993,0
-6.080703548123738,6.533459711312359,1
-5.9958404972337,8.386825433226699,0
-6.692887866178983,8.333782451343591,1
-6.1096339105686015,7.78573307413239,0
-5.060518534339885,6.263101878272094,0
-5.333957641028084,8.505813382141913,1
-6.45860187543403,8.290102608225785,1
-4.940257225692101,5.978338876942583,1
-6.476701596142395,7.3124222725877335,1
-6.7557609187988,7.242671913812303,0
-5.842376429418068,8.801134843709525,1
-6.347287388994872,7.683802025685978,1
-5.692438528661509,7.0354211383439065,0
-6.762829189476922,8.088403111020458,1
-4.351758505053251,8.107899827859868,0
-3.9431577726954155,5.683592495434981,0
-6.899582854754585,8.897755700890702,1
-3.981447640580247,6.629585876021633,1
-5.4828852679172435,8.2856166807765,1
-4.687481956953379,7.212527945927058,0
-5.667300563029357,9.674752897267798,0
-6.627413171390494,8.38999082043717,1
-6.417004726525239,8.229960016620614,0
-4.740429134702979,8.194792231711723,1
-7.417037762732849,8.532990234235257,1
-5.495880076747646,7.203580819136804,1
-3.6178060613928977,5.310430041637851,1
-5.480595845529261,9.522219288718572,1
-4.875150663827047,7.053451938297301,0
-4.896717271953217,8.69389951972407,1
-5.928081146756444,9.526134527920773,0
-7.24197552709265,8.214797396684652,1
-5.556847735271099,7.308715681490104,0
-6.855450588343909,8.906122334052563,1
-6.320896886800898,6.703482895242457,0
-4.7409198995132265,7.445953699677686,1
-5.861141706589358,6.296239692266155,0
-5.449144766509748,5.366249544216083,0
-6.456034208902817,8.340867171092498,1
-5.381276842846753,8.548912967909754,1
-5.665216411538655,8.711466951440865,0
-4.302062971528755,6.275755865304594,0
-6.240790643559402,6.790142733105022,0
-4.347853172660864,6.779993623930913,0
-4.590893270970488,9.324056108339338,1
-5.930008704877282,8.098892939727628,0
-4.41862884077054,6.9128905763530275,0
-5.77174002731462,9.106203574905509,1
-7.343990381164259,8.188068834375619,1
-4.8301767604783254,6.600764255963845,0
-4.157969957829364,7.879747117261222,0
-4.848247317686557,8.61180061382958,0
-4.6326203702882385,9.054600189766287,0
-5.452942963330929,8.8521871195481,1
-5.653969026871253,7.358975088859613,0
-6.3921248919559535,7.4764540499942775,1
-5.774382427476263,9.50663714585984,1
-6.83835227721525,6.421876677393287,0
-7.368053202421215,8.40861510041922,0
-5.349594122176921,7.761147874023513,0
-5.529319114229437,7.610596189598979,1
-5.528173907052653,8.51197086490689,1
-4.116255474829069,7.857602384411463,0
-6.352153771252977,9.540469860725807,1
-8.387736275071633,9.242084585235292,1
-4.397020031538668,8.464517171530254,1
-4.700490626442406,7.127149513940319,0
-4.046490810207521,7.5557026901175215,0
-3.225896483105289,7.631178079222849,0
-7.437877462152473,8.953402268956564,0
-4.997174065004634,8.511410847901892,0
-6.489699501362318,7.0696091186707095,0
-5.588145924300388,6.114515300162922,1
-6.271269269346504,7.786153649576728,1
-4.551357602501798,8.763380509694642,1
-5.184321792793809,7.188661958046603,0
-4.933943970923798,7.8820781818167935,0
-5.901751614103919,6.483745643020697,0
-6.001940203437962,7.774684373175257,1
-4.985066789125897,9.71960449058495,1
-5.5024197396872685,8.385066907787207,1
-5.60580687526368,7.4654327733745625,0
-5.5487103849101995,8.483875731607597,1
-6.792543435091804,8.801702392834116,1
-7.253811619047399,7.718294588855767,0
-4.432904751534937,7.730594534921123,1
-5.749337215432873,7.136385394883953,1
-7.456458817475044,8.582160932927033,1
-3.12936539119743,7.16255399394445,0
-5.266757470951895,10.825876308930003,1
-5.243432695821356,8.345308616103441,1
-3.558762758790729,7.863971487682096,1
-6.792522693008483,8.141599384237328,0
-5.579134700765091,8.330308718864115,0
-5.507154318431826,9.68961915761548,1
-5.322847865441473,8.773130455198734,1
-5.061807363504951,8.432783733112137,0
-5.235550092494232,8.098416444986904,1
-5.416911265295434,10.176959377114628,1
-5.50099233498617,7.0513352450656095,0
-7.423623222825647,9.600598196040437,1
-5.908721943997424,8.282920497375214,1
-7.613207558478305,7.201357069339473,1
-5.703262995862354,7.190456290975004,0
-6.710355969704734,8.555826448936243,1
-5.083790401858398,7.000467857959624,0
-6.435822495129525,6.876536804352354,0
-5.06657891725378,7.915133451044562,0
-4.845186631967773,6.611193522732318,0
-8.445485911263177,8.216336420806451,1
-5.928681357286057,7.2229065550958085,0
-5.494727018925045,8.701091861839576,0
-6.087983913670306,9.142843989410895,1
-4.995460370390022,8.609451019754651,1
-5.65121715327774,8.375005628873721,1
-4.2014293479181655,8.01908380773859,0
-5.061612954586646,6.708552253610186,0
-5.450526736627027,8.99712724060909,0
-7.071316135893576,8.059493634440306,0
-4.554049612642029,9.941626535948963,1
-5.694353572486181,8.247239736571856,0
-5.5238344117204115,7.6812220278175465,1
-5.78031898895613,8.639515111836138,1
-6.457230575712573,8.047357985495772,0
-6.58971007244038,6.078365814325986,0
-5.800573413112213,7.377437857731753,0
-6.1707039359962454,7.939340386020811,0
-5.438779396703361,7.003212267520272,0
-6.137649811436618,8.566850893923203,0
-4.115209725430886,8.300041364728777,1
-7.3138774386822565,8.044942600137029,0
-5.582623024965345,8.22378428417646,1
-5.725952596324048,10.059999568941489,0
-5.759083802392276,6.7311204447517206,0
-6.100618536195924,7.960823549915917,0
-6.357299798434059,9.376254340269568,1
-5.459398389452358,7.770084595896879,0
-6.844955533027849,7.361609965881597,1
-6.314597976498871,9.584407716098246,0
-4.625129480591076,8.670769047155936,1
-6.56513016658426,9.311506305768699,1
-6.473349169460284,8.249863630761196,1
-4.439593403024627,9.385325167644417,1
-7.228206441709294,9.159851499013772,1
-6.4066628350633925,7.293872427655134,1
-4.556927018387139,6.636468514853893,0
-6.36463441977614,7.2695943427298735,0
-5.800847720469279,6.590522670130406,0
-5.911793358293859,7.373635857284691,1
-8.095078345310391,8.413741586623878,1
-5.0058471598941106,7.591465959990765,1
-6.006593304897721,7.364857439235978,0
-5.7914735154970804,9.421732465004139,1
-5.214053109649561,6.908335994258794,0
-4.922347504662862,9.441634760483623,1
-5.688223533836435,7.538695460024787,1
-4.735445554104103,8.626481573619854,1
-6.6251691975872165,7.805066731592414,0
-4.7695429653081325,8.546160097283401,0
-4.6097918701598815,7.977647424916809,0
-5.6346195103041055,8.4018902210021,1
-6.724838488320605,6.017572098879266,0
-3.606547898552958,5.974012625536309,0
-5.43099070662724,7.3527458923428375,0
-5.134237410670756,7.543846352577433,0
-5.767422771063305,9.425344051560117,1
-3.4964659140970253,7.427269624962027,0
-4.827441275154386,8.718270023343779,1
-5.290613455524115,8.615677663089292,1
-6.1372009676864065,8.082084106146057,1
-6.153539349248326,8.202884067087206,0
-3.8058002539603137,7.6292101080766015,0
-7.322836126757084,7.942527367463262,1
-4.671016875444856,8.563947730567895,1
-5.566331486690969,7.3135785117382826,0
-4.9692278558498835,9.720114003887293,1
-4.864727052307217,7.057978644844955,1
-6.470655932131331,7.480115614303869,0
-4.217582872540296,9.763825790206281,1
-5.132972558241321,10.003215709188508,0
-5.318513113308307,9.477407047435225,1
-4.146738560283426,7.635900246398527,0
-5.6591330346333875,8.375616402910456,1
-4.6500260142984,8.032490874386806,0
-6.523365197397268,8.443070384473444,1
-6.270603025201186,7.1994583211238865,0
-6.119062848950286,6.265646146146985,0
-4.931256246744285,6.989053997280103,0
-6.19040563794141,8.1113299264837,1
-5.474416495868928,8.750910727872187,1
-5.660607219461301,8.192567133880177,1
-5.603553587772835,8.234508654069723,1
-5.494437722710359,7.93262285701407,1
-7.189814977102456,8.549509498895294,0
-7.2274328134823485,8.538745438485,1
-6.253935925022024,7.833843881187694,0
-4.217375958143716,8.885631650090605,1
-6.170112737736142,10.203387883166972,1
-5.102110636353192,8.462421700556277,1
-5.254536405996882,7.936495613863858,0
-5.593181044602672,7.506095768819726,1
-5.1024785066188905,9.652611735283797,0
-3.783814449056795,6.841512935172731,0
-5.415596196668075,7.715968816754661,1
-5.372533352368174,7.084776165768168,0
-6.59863181831457,7.242937075108232,0
-5.028153196276213,8.747723705738531,1
-6.2574823839956775,6.151344960381404,0
-6.336264407791523,8.274317683876799,1
-6.555732877118378,8.321535591113463,0
-5.3302771504111055,9.330036818967189,1
-5.701268146207164,8.72692665231283,1
-5.500708352614579,9.12168577445021,1
-5.906487070154853,10.073668663994175,1
-6.681424179103058,8.887490853267776,0
-6.766644496618047,9.9044311456767,1
-4.9920038604743215,7.427404440253691,0
-2.7103795519637925,9.163240108894735,1
-7.051265437023463,6.132538643485618,0
-5.928546109190304,5.165527995104048,0
-4.908476866249952,10.691620621388624,1
-3.4716218906074947,7.761565450635274,0
-5.539873561527643,6.6556184282829784,1
-5.64632464816267,10.558976325679156,1
-5.725636892424715,9.129215785471672,1
-3.82168776396753,8.879851007980667,0
-4.419640640111513,7.166917180329465,0
-6.00116939358711,9.11698761758191,1
-5.3275544559931385,8.614606139046197,1
-4.8012298925849,8.09035633497153,1
-4.117186568108423,6.170650989325617,0
-6.170652978842353,5.710760716027504,0
-6.862758009954998,6.844556473847525,0
-6.1375665126798475,6.179916624415158,0
-6.4689478810392895,8.415269719324206,1
-5.696911681681443,9.639494981180123,1
-6.515456374901178,7.505480502325598,1
-7.014830449309181,7.270111463766122,0
-5.577489847157285,7.2869879015939425,0
-7.5728908626394835,8.552141029523652,1
-4.903517107944783,7.539452948877722,0
-6.622234537093531,9.081026525116588,0
-5.859394606060184,7.986093426514585,1
-5.627931662860571,7.18646013916819,0
-5.026061468735578,9.108974446978777,0
-6.335425521764457,8.364459704425848,1
-4.627576071888234,7.626689442317203,0
-4.200935607312712,5.71255615693654,0
-5.478794877429761,9.955311099235526,1
-4.563696751291848,8.127067394424095,0
-4.814409628172754,8.191553714670539,0
-5.93575742228378,5.992721574449081,0
-6.275217820183146,7.363407598471582,0
-5.907844424175981,8.33673679362942,1
-5.4020714341672615,6.211405458229203,0
-7.166726579420226,7.845039719085377,1
-8.844052025831868,6.635952870824266,0
-4.665456653580968,10.028962065526486,1
-5.353069522671864,7.936429868478925,0
-5.612444729057069,7.6638637821124345,0
-5.946557280978004,7.598990073880362,1
-6.488763091222348,7.379173636601366,0
-7.51162836011021,6.57855854292574,1
-5.682666670899334,6.606903027996573,0
-7.895758399149114,6.2473676738373545,0
-6.645928191656224,8.407355442599405,1
-6.833897352627419,9.074593472867846,1
-6.212199859113781,7.829831737170081,1
-7.34128787621223,6.666740336234446,0
-5.657618872180069,9.134753240033039,1
-5.969128916242986,6.659815533136275,0
-6.629552202711533,6.740456323962123,0
-6.2808689795957555,8.11981143715148,1
-6.680837029294349,10.697428549414298,1
-5.2850144833189265,9.40888653758259,1
-4.371075852380666,7.341052804798686,0
-6.2214333625522125,8.007543553305224,1
-4.706401915729163,8.543076694857294,1
-4.217624698465798,6.415315389111152,0
-5.792692802020582,8.749796460173428,0
-5.630732382060428,8.032666024754459,1
-5.276258040738133,8.01729383709984,1
-4.115277080580914,7.822905582013597,0
-5.935843987986159,7.449289999315319,0
-5.031019021537701,8.318076882998774,1
-4.780876226275729,6.389961537764866,0
-6.336402407290287,8.106931979793426,1
-3.860588488174641,7.128429890051979,0
-5.639287939388352,6.721819781541704,0
-6.52194927331555,7.967868459256792,1
-6.4944151731956214,8.326508536550522,0
-5.2528893506321515,10.604189955427536,1
-5.682897273258181,7.76341187045783,1
-5.100890768507907,7.447345793488448,0
-4.216190443544231,7.67618569744385,0
-4.274320599688928,7.64183655430447,1
-4.522556307574841,8.776136957996382,1
-4.421791290633707,8.72692375896897,1
-6.613565392702618,7.202471009854671,1
-6.449557312316847,6.1136946718519845,0
-5.699286927461325,8.437109650270438,1
-4.951252309371446,8.187830835558087,0
-3.7387718396211413,6.9876147376427085,0
-5.809606454769887,6.697308228610413,0
-5.873275085401842,6.807656587971306,0
-7.369687807028892,7.1591283812764805,0
-7.650332280825499,9.741623143649644,1
-4.85319615706937,7.71163356944099,1
-8.334719938976097,8.493274254800435,0
-2.6941267741901367,9.661767386466797,1
-5.647012184482845,8.976178416996417,0
-6.752901190627016,7.20976961295994,0
-4.420793599379926,7.909086521668615,0
-6.255747524454017,5.791485536887763,0
-5.820633704345469,7.574041808511298,1
-5.763590182225835,6.407098595469222,0
-6.090341853103143,9.270360527845883,0
-4.603874720824441,6.776135568127025,0
-4.243442390727501,7.9928417506007365,0
